case_id,current_map,current_hr,predicted_map_1min,predicted_map_5min,predicted_map_15min,hypo_risk_pct,gt_hypo_onset
DEMO_001,74.1,73.8,-0.18713234,-0.16003452,-0.15850182,3.5580500960350037,0.0
DEMO_002,77.4,59.1,-0.1984921,-0.2712454,-0.28939214,3.3645987510681152,0.0
DEMO_003,68.44,84.7,-0.25630438,-0.28617916,-0.301038,3.3562127500772476,0.0
DEMO_004,78.4,77.94,-0.19791506,-0.18943787,-0.1954333,3.4411314874887466,0.0
DEMO_005,78.9,74.3,-0.19788475,-0.20767178,-0.21814339,3.3837173134088516,0.0
